reservation_id,user_id,campaign_id,product_id,site,reservation_time,ingestion_time
R00001,U0001,C001,P001,SG,2026-07-07 19:07:00,2026-07-07 19:13:00
R00002,U0002,C001,P001,SG,2026-07-03 14:14:00,2026-07-03 14:27:00
R00003,U0003,C001,P001,SG,2026-07-06 19:05:00,2026-07-06 19:47:00
R00004,U0004,C001,P001,SG,2026-07-06 23:12:00,2026-07-06 23:51:00
R00005,U0005,C001,P001,SG,2026-07-02 16:44:00,2026-07-02 17:16:00
R00006,U0006,C001,P001,SG,2026-07-05 01:06:00,2026-07-05 01:33:00
R00007,U0007,C001,P001,SG,2026-07-07 10:16:00,2026-07-07 10:23:00
R00008,U0008,C001,P001,SG,2026-07-06 17:07:00,2026-07-06 17:36:00
R00009,U0009,C001,P001,SG,2026-07-01 17:02:00,2026-07-01 17:21:00
R00010,U0010,C001,P001,SG,2026-07-01 20:54:00,2026-07-01 21:13:00
R00011,U0011,C001,P001,SG,2026-07-05 01:17:00,2026-07-05 01:51:00
R00012,U0012,C001,P001,SG,2026-07-07 21:04:00,2026-07-07 21:47:00
R00013,U0013,C001,P001,SG,2026-07-07 19:44:00,2026-07-07 20:24:00
R00014,U0014,C001,P001,SG,2026-07-01 08:51:00,2026-07-01 09:16:00
R00015,U0015,C001,P001,SG,2026-07-04 08:13:00,2026-07-04 08:49:00
R00016,U0016,C001,P001,SG,2026-07-06 23:34:00,2026-07-06 23:55:00
R00017,U0017,C001,P001,SG,2026-07-05 13:57:00,2026-07-05 14:39:00
R00018,U0018,C001,P001,SG,2026-07-02 04:09:00,2026-07-02 04:54:00
R00019,U0019,C001,P001,SG,2026-07-05 23:33:00,2026-07-05 23:54:00
R00020,U0020,C001,P001,SG,2026-07-01 02:43:00,2026-07-01 02:55:00
R00021,U0021,C001,P001,SG,2026-07-05 15:10:00,2026-07-05 15:44:00
R00022,U0022,C001,P001,SG,2026-07-06 09:58:00,2026-07-06 10:09:00
R00023,U0023,C001,P001,SG,2026-07-04 04:53:00,2026-07-04 05:38:00
R00024,U0024,C001,P001,SG,2026-07-06 15:58:00,2026-07-06 16:03:00
R00025,U0025,C001,P001,SG,2026-07-04 06:15:00,2026-07-04 06:23:00
R00026,U0026,C001,P001,SG,2026-07-06 16:49:00,2026-07-06 17:02:00
R00027,U0027,C001,P001,SG,2026-07-05 12:13:00,2026-07-05 12:52:00
R00028,U0028,C001,P001,SG,2026-07-03 03:45:00,2026-07-03 04:09:00
R00029,U0029,C001,P001,SG,2026-07-03 15:14:00,2026-07-03 15:23:00
R00030,U0030,C001,P001,SG,2026-07-07 17:03:00,2026-07-07 17:22:00
R00031,U0031,C001,P001,SG,2026-07-06 04:13:00,2026-07-06 04:52:00
R00032,U0032,C001,P001,SG,2026-07-03 00:06:00,2026-07-03 00:17:00
R00033,U0033,C001,P001,SG,2026-07-07 21:06:00,2026-07-07 21:14:00
R00034,U0034,C001,P001,SG,2026-07-06 17:28:00,2026-07-06 17:41:00
R00035,U0035,C001,P001,SG,2026-07-06 20:06:00,2026-07-06 20:14:00
R00036,U0036,C001,P001,SG,2026-07-03 12:10:00,2026-07-03 12:41:00
R00037,U0037,C001,P001,SG,2026-07-01 00:24:00,2026-07-01 00:45:00
R00038,U0038,C001,P001,SG,2026-07-05 20:18:00,2026-07-05 20:50:00
R00039,U0039,C001,P001,SG,2026-07-04 03:13:00,2026-07-04 03:21:00
R00040,U0040,C001,P001,SG,2026-07-06 02:32:00,2026-07-06 03:10:00
R00041,U0041,C001,P001,SG,2026-07-03 12:25:00,2026-07-03 12:37:00
R00042,U0042,C001,P001,SG,2026-07-07 01:15:00,2026-07-07 01:57:00
R00043,U0043,C001,P001,SG,2026-07-04 08:59:00,2026-07-04 09:20:00
R00044,U0044,C001,P001,SG,2026-07-07 21:19:00,2026-07-07 21:53:00
R00045,U0045,C001,P001,SG,2026-07-07 00:06:00,2026-07-07 00:15:00
R00046,U0046,C002,P002,MY,2026-07-04 14:23:00,2026-07-04 14:46:00
R00047,U0047,C002,P002,MY,2026-07-07 21:19:00,2026-07-07 21:30:00
R00048,U0048,C002,P002,MY,2026-07-03 10:16:00,2026-07-03 10:28:00
R00049,U0049,C002,P002,MY,2026-07-07 21:09:00,2026-07-07 21:31:00
R00050,U0050,C002,P002,MY,2026-07-04 16:57:00,2026-07-04 17:05:00
R00051,U0051,C002,P002,MY,2026-07-03 09:40:00,2026-07-03 10:01:00
R00052,U0052,C002,P002,MY,2026-07-02 19:56:00,2026-07-02 20:10:00
R00053,U0053,C002,P002,MY,2026-07-05 06:23:00,2026-07-05 06:30:00
R00054,U0054,C002,P002,MY,2026-07-04 05:43:00,2026-07-04 06:03:00
R00055,U0055,C002,P002,MY,2026-07-05 18:49:00,2026-07-05 19:29:00
R00056,U0056,C002,P002,MY,2026-07-06 08:39:00,2026-07-06 08:53:00
R00057,U0057,C002,P002,MY,2026-07-04 12:55:00,2026-07-04 13:10:00
R00058,U0058,C002,P002,MY,2026-07-03 21:56:00,2026-07-03 22:27:00
R00059,U0059,C002,P002,MY,2026-07-04 15:17:00,2026-07-04 15:32:00
R00060,U0060,C002,P002,MY,2026-07-03 03:24:00,2026-07-03 03:31:00
R00061,U0061,C002,P002,MY,2026-07-04 08:12:00,2026-07-04 08:46:00
R00062,U0062,C002,P002,MY,2026-07-04 23:55:00,2026-07-05 00:04:00
R00063,U0063,C002,P002,MY,2026-07-04 23:22:00,2026-07-04 23:59:00
R00064,U0064,C002,P002,MY,2026-07-04 18:11:00,2026-07-04 18:53:00
R00065,U0065,C002,P002,MY,2026-07-04 19:02:00,2026-07-04 19:13:00
R00066,U0066,C002,P002,MY,2026-07-05 16:46:00,2026-07-05 17:11:00
R00067,U0067,C002,P002,MY,2026-07-02 11:45:00,2026-07-02 12:17:00
R00068,U0068,C002,P002,MY,2026-07-02 17:42:00,2026-07-02 18:08:00
R00069,U0069,C002,P002,MY,2026-07-03 07:46:00,2026-07-03 08:10:00
R00070,U0070,C002,P002,MY,2026-07-04 01:26:00,2026-07-04 01:55:00
R00071,U0071,C002,P002,MY,2026-07-03 20:39:00,2026-07-03 21:20:00
R00072,U0072,C002,P002,MY,2026-07-08 04:38:00,2026-07-08 05:03:00
R00073,U0073,C002,P002,MY,2026-07-03 19:42:00,2026-07-03 19:52:00
R00074,U0074,C002,P002,MY,2026-07-04 12:43:00,2026-07-04 13:07:00
R00075,U0075,C002,P002,MY,2026-07-08 12:54:00,2026-07-08 13:03:00
R00076,U0076,C002,P002,MY,2026-07-04 14:09:00,2026-07-04 14:14:00
R00077,U0077,C002,P002,MY,2026-07-03 03:49:00,2026-07-03 04:21:00
R00078,U0078,C002,P002,MY,2026-07-03 07:29:00,2026-07-03 07:42:00
R00079,U0079,C002,P002,MY,2026-07-07 15:35:00,2026-07-07 16:18:00
R00080,U0080,C002,P002,MY,2026-07-07 20:28:00,2026-07-07 20:43:00
R00081,U0081,C002,P002,MY,2026-07-07 01:28:00,2026-07-07 01:49:00
R00082,U0082,C002,P002,MY,2026-07-08 19:17:00,2026-07-08 19:55:00
R00083,U0083,C002,P002,MY,2026-07-05 13:20:00,2026-07-05 13:59:00
R00084,U0084,C002,P002,MY,2026-07-02 16:26:00,2026-07-02 16:57:00
R00085,U0085,C002,P002,MY,2026-07-08 05:44:00,2026-07-08 05:50:00
R00086,U0086,C002,P002,MY,2026-07-08 03:24:00,2026-07-08 03:59:00
R00087,U0087,C002,P002,MY,2026-07-07 19:51:00,2026-07-07 20:34:00
R00088,U0088,C002,P002,MY,2026-07-07 04:14:00,2026-07-07 04:36:00
R00089,U0089,C002,P002,MY,2026-07-06 23:58:00,2026-07-07 00:11:00
R00090,U0090,C002,P002,MY,2026-07-07 16:01:00,2026-07-07 16:31:00
R00091,U0091,C003,P003,SG,2026-07-08 06:05:00,2026-07-08 06:37:00
R00092,U0092,C003,P003,SG,2026-07-12 20:20:00,2026-07-12 20:46:00
R00093,U0093,C003,P003,SG,2026-07-12 01:17:00,2026-07-12 01:48:00
R00094,U0094,C003,P003,SG,2026-07-11 17:14:00,2026-07-11 17:23:00
R00095,U0095,C003,P003,SG,2026-07-14 22:02:00,2026-07-14 22:08:00
R00096,U0096,C003,P003,SG,2026-07-10 03:53:00,2026-07-10 03:59:00
R00097,U0097,C003,P003,SG,2026-07-10 07:29:00,2026-07-10 07:50:00
R00098,U0098,C003,P003,SG,2026-07-09 18:38:00,2026-07-09 19:21:00
R00099,U0099,C003,P003,SG,2026-07-09 05:49:00,2026-07-09 06:04:00
R00100,U0100,C003,P003,SG,2026-07-09 03:37:00,2026-07-09 03:43:00
R00101,U0101,C003,P003,SG,2026-07-14 03:43:00,2026-07-14 04:12:00
R00102,U0102,C003,P003,SG,2026-07-11 05:54:00,2026-07-11 06:37:00
R00103,U0103,C003,P003,SG,2026-07-14 00:50:00,2026-07-14 00:57:00
R00104,U0104,C003,P003,SG,2026-07-08 03:54:00,2026-07-08 04:25:00
R00105,U0105,C003,P003,SG,2026-07-09 03:27:00,2026-07-09 03:55:00
R00106,U0106,C003,P003,SG,2026-07-14 22:17:00,2026-07-14 23:01:00
R00107,U0107,C003,P003,SG,2026-07-13 17:49:00,2026-07-13 18:24:00
R00108,U0108,C003,P003,SG,2026-07-08 22:17:00,2026-07-08 22:50:00
R00109,U0109,C003,P003,SG,2026-07-13 06:54:00,2026-07-13 07:19:00
R00110,U0110,C003,P003,SG,2026-07-14 08:44:00,2026-07-14 09:06:00
R00111,U0111,C003,P003,SG,2026-07-10 13:44:00,2026-07-10 14:19:00
R00112,U0112,C003,P003,SG,2026-07-13 05:28:00,2026-07-13 05:34:00
R00113,U0113,C003,P003,SG,2026-07-11 22:30:00,2026-07-11 23:10:00
R00114,U0114,C003,P003,SG,2026-07-10 21:19:00,2026-07-10 21:40:00
R00115,U0115,C003,P003,SG,2026-07-09 23:12:00,2026-07-09 23:30:00
R00116,U0116,C003,P003,SG,2026-07-10 22:46:00,2026-07-10 23:28:00
R00117,U0117,C003,P003,SG,2026-07-13 14:38:00,2026-07-13 15:01:00
R00118,U0118,C003,P003,SG,2026-07-10 01:18:00,2026-07-10 01:37:00
R00119,U0119,C003,P003,SG,2026-07-08 13:35:00,2026-07-08 13:58:00
R00120,U0120,C003,P003,SG,2026-07-09 08:40:00,2026-07-09 09:16:00
R00121,U0121,C003,P003,SG,2026-07-09 23:03:00,2026-07-09 23:24:00
R00122,U0122,C003,P003,SG,2026-07-13 02:07:00,2026-07-13 02:16:00
R00123,U0123,C003,P003,SG,2026-07-14 00:19:00,2026-07-14 00:29:00
R00124,U0124,C003,P003,SG,2026-07-09 06:35:00,2026-07-09 07:06:00
R00125,U0125,C003,P003,SG,2026-07-12 17:19:00,2026-07-12 18:01:00
R00126,U0126,C003,P003,SG,2026-07-11 06:36:00,2026-07-11 07:20:00
R00127,U0127,C003,P003,SG,2026-07-10 19:42:00,2026-07-10 19:52:00
R00128,U0128,C003,P003,SG,2026-07-14 08:30:00,2026-07-14 08:53:00
R00129,U0129,C003,P003,SG,2026-07-10 11:59:00,2026-07-10 12:20:00
R00130,U0130,C003,P003,SG,2026-07-14 16:37:00,2026-07-14 16:54:00
R00131,U0131,C003,P003,SG,2026-07-08 18:03:00,2026-07-08 18:18:00
R00132,U0132,C003,P003,SG,2026-07-14 08:47:00,2026-07-14 09:28:00
R00133,U0133,C003,P003,SG,2026-07-12 16:07:00,2026-07-12 16:41:00
R00134,U0134,C003,P003,SG,2026-07-12 07:17:00,2026-07-12 07:54:00
R00135,U0135,C003,P003,SG,2026-07-14 10:16:00,2026-07-14 10:22:00
R00136,U0136,C004,P004,MY,2026-07-12 20:36:00,2026-07-12 20:43:00
R00137,U0137,C004,P004,MY,2026-07-11 20:30:00,2026-07-11 21:08:00
R00138,U0138,C004,P004,MY,2026-07-12 23:11:00,2026-07-12 23:53:00
R00139,U0139,C004,P004,MY,2026-07-11 02:54:00,2026-07-11 03:09:00
R00140,U0140,C004,P004,MY,2026-07-15 20:02:00,2026-07-15 20:36:00
R00141,U0141,C004,P004,MY,2026-07-10 00:42:00,2026-07-10 01:21:00
R00142,U0142,C004,P004,MY,2026-07-16 16:28:00,2026-07-16 16:36:00
R00143,U0143,C004,P004,MY,2026-07-15 04:07:00,2026-07-15 04:13:00
R00144,U0144,C004,P004,MY,2026-07-16 11:51:00,2026-07-16 12:11:00
R00145,U0145,C004,P004,MY,2026-07-13 07:35:00,2026-07-13 07:40:00
R00146,U0146,C004,P004,MY,2026-07-10 23:14:00,2026-07-10 23:26:00
R00147,U0147,C004,P004,MY,2026-07-13 02:32:00,2026-07-13 02:54:00
R00148,U0148,C004,P004,MY,2026-07-12 00:58:00,2026-07-12 01:41:00
R00149,U0149,C004,P004,MY,2026-07-11 10:55:00,2026-07-11 11:04:00
R00150,U0150,C004,P004,MY,2026-07-10 00:18:00,2026-07-10 00:42:00
R00151,U0151,C004,P004,MY,2026-07-16 04:42:00,2026-07-16 05:18:00
R00152,U0152,C004,P004,MY,2026-07-14 18:34:00,2026-07-14 19:09:00
R00153,U0153,C004,P004,MY,2026-07-12 00:44:00,2026-07-12 01:04:00
R00154,U0154,C004,P004,MY,2026-07-12 11:54:00,2026-07-12 12:25:00
R00155,U0155,C004,P004,MY,2026-07-16 22:09:00,2026-07-16 22:45:00
R00156,U0156,C004,P004,MY,2026-07-11 08:32:00,2026-07-11 09:14:00
R00157,U0157,C004,P004,MY,2026-07-14 20:00:00,2026-07-14 20:14:00
R00158,U0158,C004,P004,MY,2026-07-14 05:41:00,2026-07-14 05:51:00
R00159,U0159,C004,P004,MY,2026-07-15 16:24:00,2026-07-15 16:49:00
R00160,U0160,C004,P004,MY,2026-07-15 04:55:00,2026-07-15 05:34:00
R00161,U0161,C004,P004,MY,2026-07-10 23:27:00,2026-07-10 23:38:00
R00162,U0162,C004,P004,MY,2026-07-11 01:28:00,2026-07-11 01:43:00
R00163,U0163,C004,P004,MY,2026-07-10 07:02:00,2026-07-10 07:27:00
R00164,U0164,C004,P004,MY,2026-07-13 03:22:00,2026-07-13 03:50:00
R00165,U0165,C004,P004,MY,2026-07-10 20:39:00,2026-07-10 21:08:00
R00166,U0166,C004,P004,MY,2026-07-12 13:31:00,2026-07-12 14:13:00
R00167,U0167,C004,P004,MY,2026-07-14 23:57:00,2026-07-15 00:20:00
R00168,U0168,C004,P004,MY,2026-07-11 16:04:00,2026-07-11 16:37:00
R00169,U0169,C004,P004,MY,2026-07-16 06:19:00,2026-07-16 07:04:00
R00170,U0170,C004,P004,MY,2026-07-12 16:29:00,2026-07-12 16:53:00
R00171,U0171,C004,P004,MY,2026-07-13 19:36:00,2026-07-13 19:59:00
R00172,U0172,C004,P004,MY,2026-07-13 03:01:00,2026-07-13 03:31:00
R00173,U0173,C004,P004,MY,2026-07-15 07:53:00,2026-07-15 08:16:00
R00174,U0174,C004,P004,MY,2026-07-12 10:38:00,2026-07-12 11:05:00
R00175,U0175,C004,P004,MY,2026-07-16 16:41:00,2026-07-16 16:48:00
R00176,U0176,C004,P004,MY,2026-07-13 03:20:00,2026-07-13 03:51:00
R00177,U0177,C004,P004,MY,2026-07-12 21:53:00,2026-07-12 22:08:00
R00178,U0178,C004,P004,MY,2026-07-14 23:04:00,2026-07-14 23:18:00
R00179,U0179,C004,P004,MY,2026-07-12 09:55:00,2026-07-12 10:25:00
R00180,U0180,C004,P004,MY,2026-07-15 22:23:00,2026-07-15 22:33:00
R00181,UA000,C003,P003,SG,2026-07-31 09:00:00,2026-07-31 13:00:00
R00182,UA001,C003,P003,SG,2026-07-31 09:01:00,2026-07-31 13:01:00
R00183,UA002,C003,P003,SG,2026-07-31 09:02:00,2026-07-31 13:02:00
R00184,UA003,C003,P003,SG,2026-07-31 09:03:00,2026-07-31 13:03:00
R00185,UA004,C003,P003,SG,2026-07-31 09:04:00,2026-07-31 13:04:00
