order_id,user_id,product_id,site,order_time,order_status,payment_status,payment_time,order_amount,ingestion_time
O00001,U0003,P001,SG,2026-07-10 07:05:00,COMPLETED,SUCCESS,2026-07-10 07:14:00,861.22,2026-07-10 07:25:00
O00002,U0004,P001,SG,2026-07-14 18:37:00,COMPLETED,SUCCESS,2026-07-14 18:38:00,1033.69,2026-07-14 18:57:00
O00003,U0005,P001,SG,2026-07-11 15:13:00,CREATED,FAILED,2026-07-11 15:19:00,311.43,2026-07-11 15:33:00
O00004,U0008,P001,SG,2026-07-13 03:53:00,COMPLETED,SUCCESS,2026-07-13 03:59:00,834.09,2026-07-13 04:13:00
O00005,U0011,P001,SG,2026-07-13 21:10:00,COMPLETED,SUCCESS,2026-07-13 21:14:00,936.19,2026-07-13 21:30:00
O00006,U0012,P001,SG,2026-07-15 16:46:00,COMPLETED,SUCCESS,2026-07-15 16:54:00,616.4,2026-07-15 17:06:00
O00007,U0013,P001,SG,2026-07-13 11:53:00,COMPLETED,SUCCESS,2026-07-13 11:54:00,450.95,2026-07-13 12:13:00
O00008,U0014,P001,SG,2026-07-10 16:13:00,CREATED,FAILED,2026-07-10 16:23:00,1163.0,2026-07-10 16:33:00
O00009,U0015,P001,SG,2026-07-16 20:29:00,COMPLETED,SUCCESS,2026-07-16 20:32:00,470.29,2026-07-16 20:49:00
O00010,U0017,P001,SG,2026-07-12 08:08:00,COMPLETED,SUCCESS,2026-07-12 08:10:00,1030.36,2026-07-12 08:28:00
O00011,U0018,P001,SG,2026-07-17 06:27:00,COMPLETED,SUCCESS,2026-07-17 06:34:00,618.78,2026-07-17 06:47:00
O00012,U0020,P001,SG,2026-07-15 17:48:00,COMPLETED,SUCCESS,2026-07-15 17:54:00,321.71,2026-07-15 18:08:00
O00013,U0021,P001,SG,2026-07-17 16:56:00,COMPLETED,SUCCESS,2026-07-17 17:05:00,1037.16,2026-07-17 17:16:00
O00014,U0023,P001,SG,2026-07-12 02:09:00,COMPLETED,SUCCESS,2026-07-12 02:12:00,792.32,2026-07-12 02:29:00
O00015,U0024,P001,SG,2026-07-15 05:01:00,COMPLETED,SUCCESS,2026-07-15 05:07:00,1165.59,2026-07-15 05:21:00
O00016,U0025,P001,SG,2026-07-16 01:05:00,COMPLETED,SUCCESS,2026-07-16 01:13:00,1096.63,2026-07-16 01:25:00
O00017,U0026,P001,SG,2026-07-15 01:35:00,COMPLETED,SUCCESS,2026-07-15 01:44:00,1158.68,2026-07-15 01:55:00
O00018,U0028,P001,SG,2026-07-17 03:41:00,COMPLETED,SUCCESS,2026-07-17 03:50:00,695.63,2026-07-17 04:01:00
O00019,U0029,P001,SG,2026-07-16 06:35:00,COMPLETED,SUCCESS,2026-07-16 06:39:00,206.91,2026-07-16 06:55:00
O00020,U0030,P001,SG,2026-07-10 08:55:00,COMPLETED,SUCCESS,2026-07-10 09:04:00,460.81,2026-07-10 09:15:00
O00021,U0031,P001,SG,2026-07-16 02:36:00,COMPLETED,SUCCESS,2026-07-16 02:44:00,1087.25,2026-07-16 02:56:00
O00022,U0032,P001,SG,2026-07-13 18:27:00,COMPLETED,SUCCESS,2026-07-13 18:28:00,939.7,2026-07-13 18:47:00
O00023,U0033,P001,SG,2026-07-13 14:51:00,COMPLETED,SUCCESS,2026-07-13 14:55:00,409.75,2026-07-13 15:11:00
O00024,U0034,P001,SG,2026-07-12 23:29:00,COMPLETED,SUCCESS,2026-07-12 23:31:00,686.44,2026-07-12 23:49:00
O00025,U0035,P001,SG,2026-07-15 18:53:00,COMPLETED,SUCCESS,2026-07-15 18:55:00,1218.0,2026-07-15 19:13:00
O00026,U0036,P001,SG,2026-07-12 06:55:00,COMPLETED,SUCCESS,2026-07-12 06:56:00,380.1,2026-07-12 07:15:00
O00027,U0038,P001,SG,2026-07-17 19:50:00,COMPLETED,SUCCESS,2026-07-17 19:58:00,369.28,2026-07-17 20:10:00
O00028,U0039,P001,SG,2026-07-15 18:03:00,COMPLETED,SUCCESS,2026-07-15 18:04:00,254.16,2026-07-15 18:23:00
O00029,U0040,P001,SG,2026-07-15 10:05:00,COMPLETED,SUCCESS,2026-07-15 10:07:00,853.54,2026-07-15 10:25:00
O00030,U0042,P001,SG,2026-07-16 14:05:00,COMPLETED,SUCCESS,2026-07-16 14:15:00,820.75,2026-07-16 14:25:00
O00031,U0043,P001,SG,2026-07-17 15:20:00,COMPLETED,SUCCESS,2026-07-17 15:27:00,342.97,2026-07-17 15:40:00
O00032,U0044,P001,SG,2026-07-18 00:59:00,COMPLETED,SUCCESS,2026-07-18 01:07:00,882.28,2026-07-18 01:19:00
O00033,U0045,P001,SG,2026-07-15 09:16:00,COMPLETED,SUCCESS,2026-07-15 09:22:00,1167.95,2026-07-15 09:36:00
O00034,U0046,P002,MY,2026-07-17 19:45:00,COMPLETED,SUCCESS,2026-07-17 19:54:00,207.61,2026-07-17 20:05:00
O00035,U0049,P002,MY,2026-07-14 05:45:00,COMPLETED,SUCCESS,2026-07-14 05:50:00,754.95,2026-07-14 06:05:00
O00036,U0050,P002,MY,2026-07-16 12:53:00,COMPLETED,SUCCESS,2026-07-16 12:54:00,565.91,2026-07-16 13:13:00
O00037,U0051,P002,MY,2026-07-16 17:35:00,COMPLETED,SUCCESS,2026-07-16 17:44:00,209.64,2026-07-16 17:55:00
O00038,U0052,P002,MY,2026-07-15 22:37:00,COMPLETED,SUCCESS,2026-07-15 22:44:00,339.19,2026-07-15 22:57:00
O00039,U0058,P002,MY,2026-07-19 20:59:00,COMPLETED,SUCCESS,2026-07-19 21:06:00,1081.46,2026-07-19 21:19:00
O00040,U0061,P002,MY,2026-07-14 10:14:00,COMPLETED,SUCCESS,2026-07-14 10:18:00,637.31,2026-07-14 10:34:00
O00041,U0063,P002,MY,2026-07-17 17:21:00,CREATED,FAILED,2026-07-17 17:23:00,1163.74,2026-07-17 17:41:00
O00042,U0066,P002,MY,2026-07-17 10:07:00,COMPLETED,SUCCESS,2026-07-17 10:17:00,408.09,2026-07-17 10:27:00
O00043,U0067,P002,MY,2026-07-17 17:43:00,COMPLETED,SUCCESS,2026-07-17 17:47:00,599.64,2026-07-17 18:03:00
O00044,U0069,P002,MY,2026-07-19 02:26:00,COMPLETED,SUCCESS,2026-07-19 02:31:00,808.85,2026-07-19 02:46:00
O00045,U0071,P002,MY,2026-07-17 20:53:00,COMPLETED,SUCCESS,2026-07-17 20:58:00,430.2,2026-07-17 21:13:00
O00046,U0072,P002,MY,2026-07-16 17:43:00,COMPLETED,SUCCESS,2026-07-16 17:51:00,1072.11,2026-07-16 18:03:00
O00047,U0073,P002,MY,2026-07-19 01:40:00,COMPLETED,SUCCESS,2026-07-19 01:42:00,1099.27,2026-07-19 02:00:00
O00048,U0074,P002,MY,2026-07-14 02:09:00,COMPLETED,SUCCESS,2026-07-14 02:13:00,1281.33,2026-07-14 02:29:00
O00049,U0075,P002,MY,2026-07-18 17:36:00,COMPLETED,SUCCESS,2026-07-18 17:43:00,742.81,2026-07-18 17:56:00
O00050,U0077,P002,MY,2026-07-19 10:33:00,COMPLETED,SUCCESS,2026-07-19 10:42:00,473.12,2026-07-19 10:53:00
O00051,U0079,P002,MY,2026-07-16 17:39:00,COMPLETED,SUCCESS,2026-07-16 17:48:00,668.41,2026-07-16 17:59:00
O00052,U0082,P002,MY,2026-07-14 13:17:00,COMPLETED,SUCCESS,2026-07-14 13:22:00,456.94,2026-07-14 13:37:00
O00053,U0083,P002,MY,2026-07-13 14:14:00,COMPLETED,SUCCESS,2026-07-13 14:17:00,976.06,2026-07-13 14:34:00
O00054,U0084,P002,MY,2026-07-16 23:26:00,COMPLETED,SUCCESS,2026-07-16 23:33:00,627.42,2026-07-16 23:46:00
O00055,U0086,P002,MY,2026-07-15 18:19:00,COMPLETED,SUCCESS,2026-07-15 18:26:00,791.04,2026-07-15 18:39:00
O00056,U0088,P002,MY,2026-07-12 07:24:00,COMPLETED,SUCCESS,2026-07-12 07:31:00,995.6,2026-07-12 07:44:00
O00057,U0091,P003,SG,2026-07-22 22:11:00,COMPLETED,SUCCESS,2026-07-22 22:18:00,559.09,2026-07-22 22:31:00
O00058,U0093,P003,SG,2026-07-18 20:30:00,COMPLETED,SUCCESS,2026-07-18 20:39:00,256.29,2026-07-18 20:50:00
O00059,U0096,P003,SG,2026-07-20 13:08:00,COMPLETED,SUCCESS,2026-07-20 13:10:00,819.37,2026-07-20 13:28:00
O00060,U0101,P003,SG,2026-07-25 15:12:00,COMPLETED,SUCCESS,2026-07-25 15:16:00,311.09,2026-07-25 15:32:00
O00061,U0103,P003,SG,2026-07-22 13:42:00,COMPLETED,SUCCESS,2026-07-22 13:51:00,911.3,2026-07-22 14:02:00
O00062,U0105,P003,SG,2026-07-22 21:45:00,COMPLETED,SUCCESS,2026-07-22 21:48:00,1006.17,2026-07-22 22:05:00
O00063,U0107,P003,SG,2026-07-25 19:37:00,COMPLETED,SUCCESS,2026-07-25 19:41:00,1112.8,2026-07-25 19:57:00
O00064,U0108,P003,SG,2026-07-22 22:36:00,COMPLETED,SUCCESS,2026-07-22 22:43:00,569.04,2026-07-22 22:56:00
O00065,U0109,P003,SG,2026-07-20 06:22:00,COMPLETED,SUCCESS,2026-07-20 06:28:00,506.62,2026-07-20 06:42:00
O00066,U0110,P003,SG,2026-07-23 12:12:00,COMPLETED,SUCCESS,2026-07-23 12:19:00,736.44,2026-07-23 12:32:00
O00067,U0112,P003,SG,2026-07-20 08:25:00,COMPLETED,SUCCESS,2026-07-20 08:30:00,929.36,2026-07-20 08:45:00
O00068,U0113,P003,SG,2026-07-22 12:47:00,COMPLETED,SUCCESS,2026-07-22 12:53:00,972.14,2026-07-22 13:07:00
O00069,U0114,P003,SG,2026-07-25 16:12:00,COMPLETED,SUCCESS,2026-07-25 16:21:00,1244.97,2026-07-25 16:32:00
O00070,U0118,P003,SG,2026-07-21 05:00:00,COMPLETED,SUCCESS,2026-07-21 05:03:00,500.74,2026-07-21 05:20:00
O00071,U0120,P003,SG,2026-07-18 03:36:00,COMPLETED,SUCCESS,2026-07-18 03:44:00,683.52,2026-07-18 03:56:00
O00072,U0122,P003,SG,2026-07-18 18:36:00,COMPLETED,SUCCESS,2026-07-18 18:37:00,365.9,2026-07-18 18:56:00
O00073,U0124,P003,SG,2026-07-24 14:14:00,COMPLETED,SUCCESS,2026-07-24 14:21:00,694.57,2026-07-24 14:34:00
O00074,U0126,P003,SG,2026-07-25 21:06:00,CREATED,FAILED,2026-07-25 21:10:00,887.07,2026-07-25 21:26:00
O00075,U0127,P003,SG,2026-07-19 20:35:00,COMPLETED,SUCCESS,2026-07-19 20:36:00,648.37,2026-07-19 20:55:00
O00076,U0128,P003,SG,2026-07-21 01:45:00,COMPLETED,SUCCESS,2026-07-21 01:53:00,277.3,2026-07-21 02:05:00
O00077,U0130,P003,SG,2026-07-23 19:14:00,COMPLETED,SUCCESS,2026-07-23 19:19:00,1108.29,2026-07-23 19:34:00
O00078,U0134,P003,SG,2026-07-22 16:05:00,COMPLETED,SUCCESS,2026-07-22 16:12:00,1006.99,2026-07-22 16:25:00
O00079,U0135,P003,SG,2026-07-25 04:53:00,COMPLETED,SUCCESS,2026-07-25 05:03:00,1244.86,2026-07-25 05:13:00
O00080,U0138,P004,MY,2026-07-25 05:05:00,COMPLETED,SUCCESS,2026-07-25 05:12:00,565.64,2026-07-25 05:25:00
O00081,U0139,P004,MY,2026-07-27 09:31:00,COMPLETED,SUCCESS,2026-07-27 09:38:00,1093.92,2026-07-27 09:51:00
O00082,U0140,P004,MY,2026-07-22 16:20:00,COMPLETED,SUCCESS,2026-07-22 16:27:00,1150.4,2026-07-22 16:40:00
O00083,U0141,P004,MY,2026-07-20 13:12:00,COMPLETED,SUCCESS,2026-07-20 13:22:00,1031.09,2026-07-20 13:32:00
O00084,U0142,P004,MY,2026-07-25 20:08:00,CREATED,FAILED,2026-07-25 20:16:00,1167.93,2026-07-25 20:28:00
O00085,U0146,P004,MY,2026-07-21 06:41:00,COMPLETED,SUCCESS,2026-07-21 06:49:00,1224.92,2026-07-21 07:01:00
O00086,U0147,P004,MY,2026-07-25 03:30:00,COMPLETED,SUCCESS,2026-07-25 03:39:00,358.11,2026-07-25 03:50:00
O00087,U0149,P004,MY,2026-07-24 10:21:00,CREATED,FAILED,2026-07-24 10:30:00,492.89,2026-07-24 10:41:00
O00088,U0152,P004,MY,2026-07-25 21:48:00,COMPLETED,SUCCESS,2026-07-25 21:56:00,1225.14,2026-07-25 22:08:00
O00089,U0154,P004,MY,2026-07-27 22:30:00,COMPLETED,SUCCESS,2026-07-27 22:37:00,623.69,2026-07-27 22:50:00
O00090,U0156,P004,MY,2026-07-21 01:55:00,COMPLETED,SUCCESS,2026-07-21 01:57:00,777.55,2026-07-21 02:15:00
O00091,U0157,P004,MY,2026-07-26 23:09:00,COMPLETED,SUCCESS,2026-07-26 23:14:00,571.42,2026-07-26 23:29:00
O00092,U0160,P004,MY,2026-07-20 17:15:00,COMPLETED,SUCCESS,2026-07-20 17:20:00,1296.17,2026-07-20 17:35:00
O00093,U0164,P004,MY,2026-07-22 14:33:00,COMPLETED,SUCCESS,2026-07-22 14:36:00,385.98,2026-07-22 14:53:00
O00094,U0166,P004,MY,2026-07-24 22:40:00,COMPLETED,SUCCESS,2026-07-24 22:45:00,932.52,2026-07-24 23:00:00
O00095,U0170,P004,MY,2026-07-24 02:54:00,COMPLETED,SUCCESS,2026-07-24 02:58:00,618.5,2026-07-24 03:14:00
O00096,U0172,P004,MY,2026-07-26 00:55:00,COMPLETED,SUCCESS,2026-07-26 00:56:00,1200.68,2026-07-26 01:15:00
O00097,U0174,P004,MY,2026-07-22 00:39:00,COMPLETED,SUCCESS,2026-07-22 00:42:00,890.07,2026-07-22 00:59:00
O00098,U0175,P004,MY,2026-07-24 16:02:00,COMPLETED,SUCCESS,2026-07-24 16:05:00,298.15,2026-07-24 16:22:00
O00099,U0176,P004,MY,2026-07-21 09:50:00,COMPLETED,SUCCESS,2026-07-21 09:56:00,782.94,2026-07-21 10:10:00
O00100,U0177,P004,MY,2026-07-25 03:51:00,COMPLETED,SUCCESS,2026-07-25 03:57:00,1083.66,2026-07-25 04:11:00
